{
    "epoch": [
        0,
        1,
        2,
        3,
        4,
        5,
        6,
        7,
        8,
        9,
        10,
        11,
        12,
        13,
        14,
        15,
        16,
        17,
        18,
        19
    ],
    "train_loss": [
        0.27733969424905164,
        0.22074719867049622,
        0.21081313659351011,
        0.20302694459942772,
        0.19780744268837297,
        0.19392593622394197,
        0.1912417352630965,
        0.18878681247642903,
        0.18666244087178196,
        0.18483794543524862,
        0.1829288624028831,
        0.1811179076153814,
        0.17953844189480622,
        0.17805443690136566,
        0.17659391647026945,
        0.17522760040486735,
        0.17379922391220065,
        0.17251821877274529,
        0.1712754476867931,
        0.17006760264902793
    ],
    "val_loss": [
        0.22609035020143214,
        0.21816969253647495,
        0.2127966894440248,
        0.2090517132949661,
        0.2070361740467414,
        0.20637608896678603,
        0.20560907278682145,
        0.2046277110110706,
        0.20324462720415962,
        0.20231198388296115,
        0.20231067399743577,
        0.2023650795536142,
        0.2016937577388656,
        0.20166044346463513,
        0.2020919795712115,
        0.20215105632661093,
        0.20226520152998642,
        0.20209545201398957,
        0.2015495281404173,
        0.20172584775677868
    ]
}