{
    "epoch": [
        0,
        1,
        2,
        3,
        4,
        5,
        6,
        7,
        8,
        9,
        10,
        11,
        12,
        13,
        14,
        15,
        16,
        17,
        18,
        19
    ],
    "train_loss": [
        0.26197983442291223,
        0.2189861183085352,
        0.20863978245262063,
        0.20099549356364121,
        0.19592816636246135,
        0.1922551175005186,
        0.18935878215727858,
        0.18665050626010962,
        0.18449351850879583,
        0.18253808617242065,
        0.1805104914358897,
        0.178907173031326,
        0.17725578317176754,
        0.17583918484607025,
        0.17436051853176013,
        0.17291611011820687,
        0.17170214784770318,
        0.17043609844873395,
        0.1692513419265665,
        0.16800634149631052
    ],
    "val_loss": [
        0.2291831920894099,
        0.22160523563203677,
        0.21589645328865925,
        0.21260587036819525,
        0.2108237867728925,
        0.20975338751581354,
        0.2084045488859566,
        0.20740373563808454,
        0.2076223067624468,
        0.20608951172358553,
        0.20586581260595524,
        0.20571841367743385,
        0.2050891291402595,
        0.20531443433022836,
        0.20536360784735477,
        0.20569796445713917,
        0.20540611655779287,
        0.2046811957384499,
        0.20504535493296636,
        0.20612904649805014
    ]
}