{
    "epoch": [
        0,
        1,
        2,
        3,
        4,
        5,
        6,
        7,
        8,
        9,
        10,
        11,
        12,
        13,
        14,
        15,
        16,
        17,
        18,
        19
    ],
    "train_loss": [
        0.2529846576912582,
        0.2174944854013517,
        0.207372612983035,
        0.200629294414149,
        0.1960029954350144,
        0.19241752015522948,
        0.189616977445583,
        0.18695924876488057,
        0.18470512965405492,
        0.18268575364831655,
        0.18074907880737,
        0.1788516908487617,
        0.17727677883793116,
        0.17560340706054967,
        0.17410465398095024,
        0.17245920740522688,
        0.1711026028568196,
        0.1696983400574872,
        0.1682899486978942,
        0.16686672113066267
    ],
    "val_loss": [
        0.22712734173720991,
        0.21867510676383972,
        0.21338094078319172,
        0.2105212778797452,
        0.20892857697228312,
        0.20688979663479495,
        0.2059472807696168,
        0.20444918738704332,
        0.20442833315948367,
        0.20360101470854922,
        0.20354235696960504,
        0.20476915708310167,
        0.20400748648483988,
        0.20463190196265638,
        0.2039579930124988,
        0.20422455306414147,
        0.20516117772376033,
        0.20453253603527244,
        0.20484975484055531,
        0.20494138360233374
    ]
}