{
    "epoch": [
        0,
        1,
        2,
        3,
        4,
        5,
        6,
        7,
        8,
        9,
        10,
        11,
        12,
        13,
        14,
        15,
        16,
        17,
        18,
        19
    ],
    "train_loss": [
        0.2782743304256636,
        0.21961908860945364,
        0.21034345347346833,
        0.2036118789609516,
        0.19878859629093762,
        0.19507604016571164,
        0.1920294502286564,
        0.18942715316218017,
        0.18727286849666464,
        0.18522865490197948,
        0.1832882005470646,
        0.18145350571459448,
        0.17989960693534177,
        0.17840593430637752,
        0.1769674271694931,
        0.17573391549370845,
        0.17437104923367874,
        0.17323749100844812,
        0.17184546754253863,
        0.17063252718212646
    ],
    "val_loss": [
        0.22607721829078567,
        0.21796687944254406,
        0.21166595790377804,
        0.20685024695916915,
        0.20417106193555912,
        0.20182811164520156,
        0.20070195224293522,
        0.199739585827354,
        0.199957917746104,
        0.19932016788024298,
        0.19806539540139723,
        0.1978910899603031,
        0.1987115582320052,
        0.19868276960832973,
        0.1990078798377178,
        0.1988335248660034,
        0.1991558979514619,
        0.20018964234582134,
        0.2005745259598947,
        0.20023283603745448
    ]
}