{
    "epoch": [
        0,
        1,
        2,
        3,
        4,
        5,
        6,
        7,
        8,
        9,
        10,
        11,
        12,
        13,
        14,
        15,
        16,
        17,
        18,
        19
    ],
    "train_loss": [
        0.28448372549947254,
        0.21925334024923696,
        0.20920483754577585,
        0.20187152459261376,
        0.19692701466253293,
        0.19328492591871715,
        0.1904726579890285,
        0.1881568756520002,
        0.18584888748509784,
        0.18388168251430484,
        0.18194228467270615,
        0.1801219147182593,
        0.17835350493799912,
        0.17682233026633054,
        0.17517216969427182,
        0.17370264742855734,
        0.17223617055851248,
        0.17095935519592304,
        0.16976367362158398,
        0.16840869869238148
    ],
    "val_loss": [
        0.22532987080409494,
        0.2169477997321478,
        0.21112256009184138,
        0.2070978279684631,
        0.2056952675043697,
        0.20477368840029542,
        0.20462433626534235,
        0.2028319541837128,
        0.20242761904504938,
        0.20165315396349195,
        0.20182884369097964,
        0.20121392828058188,
        0.2026859302545937,
        0.2011700297745181,
        0.20106049611324994,
        0.20052109758408976,
        0.20202179426248645,
        0.2017053873606131,
        0.20124142632727893,
        0.2013052267507768
    ]
}