{
    "epoch": [
        0,
        1,
        2,
        3,
        4,
        5,
        6,
        7,
        8,
        9,
        10,
        11,
        12,
        13,
        14,
        15,
        16,
        17,
        18,
        19
    ],
    "train_loss": [
        0.2627356938772918,
        0.2192325487511352,
        0.20782961673066835,
        0.2000602745569088,
        0.19503473303337612,
        0.1913418249694954,
        0.1882210713585311,
        0.18568897043851806,
        0.1832366971027963,
        0.1812329601688844,
        0.17933121759077192,
        0.17754323230196425,
        0.17571150724876655,
        0.1741582405154414,
        0.1726346917170594,
        0.17111963727431304,
        0.16974781665816926,
        0.16822995336985738,
        0.16717526387184253,
        0.16568977371184665
    ],
    "val_loss": [
        0.22543682399350154,
        0.2142835322400214,
        0.20638433250952776,
        0.2032566339721982,
        0.2015859918065474,
        0.2009487206667242,
        0.2012785413420536,
        0.2000288074495087,
        0.20004847577550042,
        0.20017027671278362,
        0.2001013874378003,
        0.20002872895606807,
        0.1995644545261289,
        0.20037334307398594,
        0.20006954239707597,
        0.2002113782603976,
        0.19987039881902682,
        0.20042613946216206,
        0.19995774412658854,
        0.20055084523390715
    ]
}