{
    "epoch": [
        0,
        1,
        2,
        3,
        4,
        5,
        6,
        7,
        8,
        9,
        10,
        11,
        12,
        13,
        14,
        15,
        16,
        17,
        18,
        19
    ],
    "train_loss": [
        0.2653825582239736,
        0.2193918425490692,
        0.20884887201941815,
        0.20123802558030693,
        0.1964531528977721,
        0.19277969190445676,
        0.1899041063582207,
        0.18741041089004382,
        0.18516463410919634,
        0.18325446178212598,
        0.1814679780884621,
        0.17957116389451824,
        0.17793254642302814,
        0.17645710128970177,
        0.17484011912080044,
        0.1735503112661167,
        0.1719971269847175,
        0.17072103619692097,
        0.16943888860012818,
        0.16813914895244234
    ],
    "val_loss": [
        0.22216724111160763,
        0.2136303237311437,
        0.20555808804404568,
        0.20251254438304564,
        0.19996914624328344,
        0.19901124361745068,
        0.19871977590759035,
        0.1979199167288525,
        0.19797924512498816,
        0.1983669276913287,
        0.19709864605060765,
        0.19704710781364373,
        0.19804732779591855,
        0.19744642388442873,
        0.19812569573101863,
        0.19747441204290994,
        0.19750459906710705,
        0.19712163702073232,
        0.198532756732803,
        0.19823103996229843
    ]
}