{
    "epoch": [
        0,
        1,
        2,
        3,
        4,
        5,
        6,
        7,
        8,
        9,
        10,
        11,
        12,
        13,
        14,
        15,
        16,
        17,
        18,
        19
    ],
    "train_loss": [
        0.2582657680160283,
        0.22031142169694198,
        0.20957334462046062,
        0.20186673368273395,
        0.19684966752693314,
        0.1933962243473586,
        0.19044781219161733,
        0.18801722288458186,
        0.18572087851768368,
        0.18376120918536784,
        0.18194692957918968,
        0.18013232224657316,
        0.17856766596576418,
        0.17710829807185977,
        0.17562080172352573,
        0.17420039520087377,
        0.17290408010354064,
        0.1716435753590251,
        0.17034046930233265,
        0.1691877696202581
    ],
    "val_loss": [
        0.22521928750293355,
        0.2169479104414792,
        0.21283066529833095,
        0.2109270187645731,
        0.21022369009508213,
        0.20884294519332094,
        0.2084727909048678,
        0.2082174742515658,
        0.20821715702473279,
        0.20801103073106686,
        0.20804792075929507,
        0.20786760516569647,
        0.20771196442590634,
        0.20849693818411358,
        0.20811038737145948,
        0.20817986188430182,
        0.2087173923115495,
        0.20812030467139164,
        0.20693187247699416,
        0.20753254038347324
    ]
}