{
    "epoch": [
        0,
        1,
        2,
        3,
        4,
        5,
        6,
        7,
        8,
        9,
        10,
        11,
        12,
        13,
        14,
        15,
        16,
        17,
        18,
        19
    ],
    "train_loss": [
        0.25996729700078425,
        0.22001272308201483,
        0.20969780505356467,
        0.20150203734099958,
        0.1962365248475183,
        0.19272408685727113,
        0.18975802180422863,
        0.1873180831378801,
        0.18501098965861615,
        0.1829429601547957,
        0.1810595388516947,
        0.1794291347999808,
        0.17775647244263143,
        0.176118564601049,
        0.1745292647437124,
        0.1731446047950425,
        0.17161209221363813,
        0.1703584504799104,
        0.16891162758561926,
        0.16764850983853818
    ],
    "val_loss": [
        0.22687334588295976,
        0.2182967528490953,
        0.2098243997340471,
        0.2063185685956982,
        0.20234696546071013,
        0.20212705596022204,
        0.20143786198656324,
        0.2008524536561798,
        0.20088190711300138,
        0.20123373433737687,
        0.19984777240266263,
        0.20010856675430083,
        0.20002122968435287,
        0.2010781615972519,
        0.2002623249107683,
        0.20021700748885182,
        0.19997463128726248,
        0.2002248112374628,
        0.20126989153279384,
        0.20105209453424938
    ]
}