{
    "epoch": [
        0,
        1,
        2,
        3,
        4,
        5,
        6,
        7,
        8,
        9,
        10,
        11,
        12,
        13,
        14,
        15,
        16,
        17,
        18,
        19
    ],
    "train_loss": [
        0.2774597430056623,
        0.22052530593971878,
        0.21073380519573304,
        0.20343005286415977,
        0.19815643608616737,
        0.19443776758740391,
        0.191564612073098,
        0.1889868184212881,
        0.18679277927079857,
        0.18487368418553812,
        0.18306134501253496,
        0.18123140259527823,
        0.179860836842297,
        0.17817478229368983,
        0.17659150104800672,
        0.17530501373287097,
        0.1738980262597122,
        0.17263669262353057,
        0.17122234471130632,
        0.1700659101546184
    ],
    "val_loss": [
        0.22539692534737185,
        0.21801862110134582,
        0.21139821976843015,
        0.20785515708192973,
        0.2064318170010204,
        0.20478803097782,
        0.20390547003964304,
        0.2036743708689448,
        0.20442532065888525,
        0.20337006045689046,
        0.20138013751154216,
        0.20174052786659186,
        0.20099656855766201,
        0.20081736577648512,
        0.20140591777966055,
        0.2009531364999187,
        0.20067410213007053,
        0.20106581163028597,
        0.2006427600035365,
        0.20081685084692188
    ]
}